employee_id,is_promoted
74430,0
72255,0
38562,0
64486,0
46232,0
54542,0
67269,0
66174,0
76303,0
60245,0
42639,0
30963,0
54055,0
42996,0
12737,0
27561,0
26622,0
31582,0
29793,0
72735,0
60889,0
51498,0
8566,0
53151,0
16203,0
61083,0
74849,0
13259,0
72407,0
65237,0
77460,0
67317,0
68788,0
36834,0
64281,0
1822,0
41432,0
52061,0
39973,0
42524,0
7935,0
49940,0
10059,0
76691,0
5621,0
24147,0
33997,0
23714,0
19866,0
4529,0
64703,0
19649,0
6596,0
7999,0
4762,0
24620,0
57989,0
75619,0
65975,0
51302,0
63714,0
70556,0
70117,0
51972,0
60572,0
9548,0
64,0
35510,0
10732,1
9214,0
10761,0
32110,0
50038,0
1555,0
21200,0
50380,0
45009,0
65450,0
77333,0
8443,0
39490,0
69077,0
64652,0
5254,0
71131,0
19620,0
41266,0
11001,0
28530,0
72481,0
67417,0
40287,0
29367,0
36352,0
29681,0
30233,0
66601,0
40276,0
1522,0
17936,0
26270,0
6837,0
49665,0
1908,0
6474,0
27495,1
24324,0
14299,0
56246,0
3901,1
41566,0
55735,1
53627,0
62683,0
44948,0
26037,0
30607,0
46103,0
6452,0
47286,0
44117,0
1367,0
26228,0
65694,0
63901,0
4701,0
35341,0
10361,0
6572,0
70408,0
11774,0
37873,0
3886,0
23347,0
3034,0
30137,1
52431,0
11061,0
17607,0
64986,0
8082,0
20982,0
5794,0
69381,0
48923,0
48813,0
5574,0
57601,0
564,0
3864,0
19598,0
74965,0
13367,0
38556,0
51344,0
28320,0
56104,0
68882,0
75800,0
13223,0
62740,0
67233,0
49207,0
19053,0
46519,0
2111,1
69413,0
40064,0
33502,0
15182,0
13593,0
15613,0
75751,0
71625,0
37763,0
10812,0
67357,0
49583,0
45428,0
44266,0
57884,0
24334,0
58892,0
40799,0
33879,0
24403,0
51150,0
7722,0
71271,0
65909,0
8228,0
52138,0
22999,0
29196,0
17973,0
10986,0
19355,0
75402,0
52587,0
41662,0
73944,0
3987,0
40057,0
12411,0
15161,0
59084,0
53857,0
42772,0
5294,0
56439,0
29998,0
76599,1
27424,0
75833,0
57068,0
70129,0
14733,0
7561,0
59522,1
44299,0
29220,0
15869,0
51270,0
19212,0
70890,1
31183,0
46628,0
44670,0
70734,1
47051,0
17760,0
8180,0
24756,0
56780,0
59919,0
18924,0
42477,0
11824,0
51740,0
51364,0
64265,0
46233,0
41215,0
47172,0
53542,0
2121,0
77677,0
38018,0
29799,0
565,0
33473,0
46339,0
6352,0
63568,0
15317,0
63035,0
22942,0
62212,1
49252,0
38520,1
69109,0
67985,0
74040,0
31049,0
55523,0
40579,0
40211,0
41982,0
24286,0
53696,0
47130,0
25340,0
16794,0
10399,0
9095,1
60624,0
30188,0
19292,0
58780,0
33674,0
17128,0
28127,0
42650,0
58393,0
72037,0
33736,0
51260,0
21326,0
7784,0
33540,0
53267,0
51294,0
4208,0
64266,0
57995,0
76317,0
32169,0
22403,0
18775,0
7007,0
58836,0
67403,0
34371,0
72636,0
41162,0
42939,0
37227,0
34986,0
10473,0
42833,0
39224,1
34148,0
65558,0
63986,0
31641,0
45087,0
41610,0
10376,0
11414,0
32884,0
71007,0
43891,0
26769,0
23022,1
56684,0
24951,0
8810,0
33334,0
29911,0
42142,0
29467,0
11784,0
29776,0
10563,0
6736,0
441,0
14980,0
13549,0
1348,0
14948,0
22827,0
30527,0
38928,0
17420,0
72878,0
38588,0
55236,0
339,0
30270,0
36458,0
27999,0
57114,0
25603,0
71930,0
23945,0
22469,0
34891,0
17506,0
32124,0
48160,0
30792,0
76840,0
27844,0
32595,0
66391,0
18212,0
51051,1
60375,0
8495,0
50665,0
50512,0
6621,0
10992,0
10742,0
33326,0
28711,0
16466,0
71692,0
5296,0
376,0
11139,0
21667,0
52771,0
30283,0
33431,0
10860,0
52246,0
16337,0
21160,1
30888,0
41543,0
68619,0
9454,0
48316,0
61103,0
46772,0
62688,0
67083,0
10508,0
42182,0
51295,1
26017,0
38656,0
1210,0
52205,0
18776,0
39588,0
2066,0
7952,0
28286,0
15837,0
41908,0
28766,0
35922,0
42485,0
47556,0
50266,0
77122,0
45635,0
57502,0
26262,0
74374,0
34661,0
38450,0
31134,0
27968,0
36271,0
3316,0
35219,0
52701,0
8654,0
7551,0
18778,0
57527,0
1726,0
60191,0
30623,0
67366,0
15689,0
18286,0
63660,0
32232,0
56976,0
64644,0
39204,0
47141,0
26883,0
50095,0
16145,0
24190,0
17777,0
3339,0
11436,0
40457,0
4730,0
10380,0
6891,0
40575,0
60937,0
3066,0
18712,0
68494,0
74119,0
76254,0
49402,0
8141,0
3076,0
14390,0
66964,0
67091,0
13164,0
21190,0
21432,0
2096,0
53808,0
59105,0
76796,0
49192,0
45888,0
72963,0
53081,0
23930,0
51938,0
29280,0
7689,0
16924,1
8648,0
57036,0
69859,0
31492,0
3964,0
20962,0
16434,0
28860,0
28665,0
1561,0
72856,0
28596,0
52840,0
73807,0
1089,0
20345,0
59325,0
45294,0
61412,0
29033,0
41735,0
20001,0
47942,0
5232,0
7097,0
61335,0
61360,0
54187,0
18493,0
23130,0
16180,0
5133,0
54456,0
62197,0
50861,0
40356,0
68967,0
49181,0
19572,0
58731,0
32167,0
3435,0
7389,0
44860,0
72065,0
49353,0
42688,0
4019,0
64023,0
30034,0
6907,0
14810,0
17629,0
7003,0
59100,0
73651,0
65300,0
38796,0
17133,0
10552,0
58271,0
42387,0
19737,0
68576,0
62951,0
76794,0
39736,0
73402,1
30749,0
49089,0
57203,0
14101,0
31036,0
66566,0
2283,0
35086,0
66082,0
34105,0
14599,0
21293,0
44127,0
64845,0
38638,0
62916,1
18984,0
35872,0
8019,0
6358,0
53023,1
32026,0
46737,0
21112,0
12594,0
48577,0
9087,0
74296,0
13640,0
65412,0
17816,0
50036,0
34158,0
74401,0
73296,0
41847,0
55643,0
40689,0
41087,0
56409,0
28892,0
22658,0
29419,0
18809,0
59695,0
39585,0
30356,0
78175,0
23668,0
50441,0
52311,0
19576,0
39982,0
23338,0
65210,0
70168,0
44136,0
19098,0
19826,0
68896,0
22540,0
52630,0
42249,0
41645,0
60352,0
24168,0
77703,0
52005,0
22821,0
33963,0
55903,0
70360,0
21163,0
52351,0
57632,0
21018,0
30307,0
51006,0
59242,0
19353,0
33400,0
46896,0
65389,0
31886,0
62107,0
62662,0
54888,0
6878,0
71343,0
64742,0
31110,0
22290,0
5238,0
17481,0
16426,0
45701,0
23605,0
8693,0
77061,0
50458,0
50405,0
29954,0
27369,0
34266,0
69082,0
54481,0
21502,0
26676,0
54360,0
14467,0
58255,0
46322,0
49734,0
18985,0
51064,0
52765,0
46466,0
9307,0
45619,0
1110,0
928,0
24625,0
16069,0
59733,0
8710,0
28479,0
73983,0
57108,0
7195,0
52665,0
37573,0
68267,0
40855,0
61710,0
14955,0
77531,0
5885,0
31444,0
3718,0
718,0
813,1
2005,0
38391,0
71236,0
7361,0
24579,0
75383,0
56762,0
49902,0
46473,0
66123,0
63361,0
30949,0
65248,0
5320,0
6158,0
12033,0
61175,0
49816,0
8824,0
57352,1
76037,0
19245,0
61018,0
16908,0
20068,0
30534,0
29500,0
33834,0
54535,0
17853,0
30139,0
27401,0
24099,0
7180,0
35814,0
44779,0
29222,0
50994,0
1276,0
22054,0
31041,0
64122,0
76830,0
24188,0
74749,0
24091,0
69671,0
31902,0
48217,1
10292,0
61474,0
65465,0
26232,0
54413,0
59365,0
45470,0
12571,0
31518,0
49208,0
43824,0
18600,0
76821,0
11378,0
32242,0
16142,0
1250,0
65786,0
52386,0
71833,0
1327,0
2383,0
67658,0
24637,0
67379,0
37712,0
66799,0
16875,0
16517,0
46895,0
46351,0
25883,0
67480,0
13471,0
48370,0
1183,0
66776,1
53366,0
77194,0
56386,0
44243,0
68929,0
42308,0
34787,0
30673,0
20454,0
14255,0
695,0
62976,0
16198,0
18019,0
37984,0
40814,0
23800,0
32889,0
11336,0
3455,0
58459,0
34222,0
19756,0
22506,0
7488,0
42978,0
57052,0
10424,1
70644,0
42310,1
55184,0
19061,0
65816,0
33424,0
73061,0
57307,0
16751,0
31709,0
46319,0
32544,0
29042,0
58208,0
6100,0
46547,0
25467,0
7474,0
5010,0
16790,0
54516,0
7725,0
49036,0
28899,0
48877,0
76815,0
29086,0
17697,0
25912,0
33757,0
66863,0
44598,0
69056,0
39697,0
9996,0
6239,0
6980,1
54953,0
67681,0
4417,0
75702,0
591,0
12841,0
43704,0
3990,1
55454,0
9677,0
25620,0
69996,0
38992,0
61755,0
29966,0
51673,0
36870,0
23116,0
54222,0
2454,0
9994,0
14705,0
74684,0
43067,0
56434,0
76328,0
64375,0
12320,0
20464,0
31764,0
47215,0
33910,0
3485,0
73471,0
9251,0
59688,0
56262,0
12803,0
68388,1
32344,0
71931,0
55130,0
47604,0
25289,0
70638,0
40109,0
34855,0
57455,0
31558,0
47680,0
70695,0
51197,0
59110,0
25602,0
19695,0
38429,0
52760,0
26863,0
16454,0
4559,0
14115,0
7286,0
37820,0
69587,0
66010,0
46367,0
50384,0
43679,0
20232,0
40572,0
75902,0
31472,0
22353,0
57914,0
64069,0
16459,0
8158,0
73268,0
66226,0
58785,0
44141,0
36629,0
51685,0
35379,0
41723,0
61361,0
40149,0
56099,0
40736,0
71628,0
38791,1
20157,0
22877,0
4313,0
30855,0
75069,0
67608,0
23027,0
19501,0
3635,0
47380,0
975,0
41742,0
11526,0
44722,0
62674,0
17043,0
63224,0
13282,0
47117,0
58067,0
23681,0
44416,1
75849,0
74165,0
28382,0
63366,0
51737,0
18585,0
33646,0
58458,1
69215,0
4508,0
14986,0
26321,0
36203,0
9523,0
24337,0
53448,0
5576,0
44110,0
69085,0
6150,0
62147,0
68879,0
65115,0
51763,0
30940,0
71078,0
52464,0
3530,0
9188,0
37895,0
5649,0
61577,0
12868,0
74966,0
8023,0
33807,0
71459,0
39582,0
25879,0
35351,0
31794,0
61663,0
72095,1
77101,0
25557,0
31585,0
25793,0
26024,0
54748,0
8839,0
27967,0
75588,0
20382,1
30108,0
48297,0
75625,0
19947,0
61450,0
77304,0
40159,0
68305,0
21207,0
54630,0
7451,0
749,0
71969,0
29562,0
10344,0
26908,0
17135,1
29120,0
75684,0
74636,0
20682,0
55502,0
2254,0
6971,0
47079,0
62302,0
72591,0
48238,0
30555,0
57880,0
53571,0
57253,0
17580,0
77081,0
15187,0
65221,0
3105,0
1094,0
50652,0
64809,0
43578,0
37402,0
55268,0
22553,0
40416,1
39353,0
9953,0
59615,0
10330,0
75928,0
50946,0
35469,0
11755,0
8588,0
64902,0
10290,0
43257,0
41927,0
20981,0
77562,0
23890,0
59925,0
55146,0
24634,0
47504,0
75122,0
64041,0
5955,0
32483,0
56698,0
1502,0
66259,0
23766,0
51390,0
72914,0
64739,0
21153,0
41632,0
3666,0
68914,0
10105,0
54417,0
17485,0
63485,0
33678,0
21026,0
20407,0
68933,0
7866,0
51363,0
38712,0
24250,0
73208,0
4022,0
6411,1
69607,1
72483,0
15192,0
66704,0
60756,0
36333,0
15436,0
46344,1
11910,0
22213,0
54450,0
28980,0
33601,1
56936,0
64345,0
20309,0
34467,0
12221,0
22778,0
71875,0
181,0
13901,0
29067,0
26558,0
31777,0
60992,0
54607,0
35201,0
59719,0
11104,0
49810,0
35790,0
40170,0
13742,0
22654,0
10676,0
415,0
50537,0
26609,0
18739,0
14194,1
31998,0
68410,1
59511,0
41326,0
30387,0
37823,0
25982,0
57509,1
31377,0
36038,0
28713,0
19744,0
55928,0
31749,0
7941,0
8255,0
39861,0
10378,0
3905,0
37359,0
23546,0
75483,0
50961,0
82,0
61244,0
19859,0
64373,0
10043,1
18640,1
59299,0
24531,0
72844,0
59212,0
1365,0
56898,0
75734,0
53531,0
40862,0
1083,0
75994,0
76167,0
61330,0
77524,0
75714,0
26588,0
18532,0
37620,0
44010,0
36990,0
36140,0
60899,0
27390,0
58054,0
32807,0
28737,0
65681,0
65503,0
48535,0
27930,0
38789,0
31674,0
42766,0
37897,0
69119,0
5726,0
52216,0
44275,0
11107,0
23884,0
29920,0
15498,0
45328,0
16825,0
66231,0
5588,0
37414,0
77673,0
4070,0
39253,0
41456,0
31058,0
38578,0
43795,0
54678,0
65031,0
20992,1
31580,0
58329,0
53150,0
23235,0
69006,0
60552,0
16916,0
26477,0
44827,0
44286,0
74490,0
28192,0
58502,0
17033,0
77867,0
54785,0
12623,0
17622,0
43147,0
61241,0
50740,0
8089,0
70383,0
54320,0
51413,0
21597,0
49461,0
35329,0
60162,0
14401,0
44085,0
46389,0
59589,0
36005,0
31832,0
33652,0
67715,0
43102,0
45375,0
30249,0
59029,0
58084,0
16222,0
46040,0
37559,0
35361,0
47379,0
56753,0
14899,0
5531,0
23664,0
2228,0
57043,0
61379,0
55229,0
76085,0
30443,0
16137,0
61857,0
2617,0
38238,0
1589,0
50386,0
26816,0
42761,0
50011,0
3242,0
58320,0
72514,0
40640,0
68285,0
25862,0
22322,0
21841,0
60125,0
40861,0
16371,1
71796,0
67823,0
69196,0
55338,0
14136,1
5079,0
9657,0
72357,0
15789,0
7125,1
33738,0
4294,0
63966,0
40762,0
68375,0
11846,0
38731,0
16068,0
70850,0
61573,0
38907,0
19827,0
76668,0
45085,0
48910,0
72082,0
22200,0
43893,0
77137,0
34085,0
28120,1
49022,0
34069,0
62775,0
35063,0
24136,0
64242,0
59751,0
44178,0
73870,0
36237,0
15215,0
54334,0
76355,0
32555,0
26197,0
15262,0
10514,0
11521,0
5494,1
32115,0
31910,0
72748,0
3208,0
47019,0
21007,0
52527,0
60950,0
6675,0
66600,0
52520,0
49610,0
22663,0
25755,0
61611,0
2420,0
75643,0
32020,0
77186,0
40441,0
32573,0
30192,1
54211,0
61905,0
66795,0
42697,0
8650,0
14583,1
969,1
24135,0
12218,0
9361,0
66825,0
72830,0
28405,0
54162,0
55153,0
5824,0
56576,0
63398,0
65058,0
73693,0
47452,0
9158,0
5939,0
40141,0
59345,0
67886,0
50912,0
17838,0
5537,0
46588,0
72938,0
68462,0
4667,0
29295,0
29525,0
66345,1
36208,0
8871,0
5758,0
18220,0
11726,0
1708,0
45684,0
6229,0
61959,0
32263,0
69510,0
24506,0
68120,0
70993,0
41138,0
36104,0
60366,0
46589,0
61063,0
54231,0
35241,0
19261,0
23566,0
47149,0
56245,0
45501,0
71547,0
43503,0
56107,0
50724,0
40530,0
70025,0
48967,0
78223,0
51779,0
42992,0
60558,0
59514,0
62347,0
24984,0
14175,0
14551,0
19420,0
44200,0
69465,0
61520,0
36600,0
63633,0
56668,0
68781,0
54479,0
22015,0
11993,0
18039,0
59306,0
49282,0
60907,0
52958,0
50699,0
35092,0
24715,0
43015,0
18992,0
6482,0
53054,0
7682,0
74602,0
72440,0
67145,0
59604,0
31179,0
35779,0
48822,0
61003,0
16738,0
21584,0
42615,0
15047,0
71287,0
71278,0
41183,0
20301,0
50028,0
28307,0
63784,0
30018,0
36094,0
19047,0
75718,0
33507,0
17560,0
42952,0
44292,0
27642,0
14022,0
17366,0
3533,0
58841,0
54629,0
54508,0
20730,0
35209,0
72868,0
70404,0
47336,0
4554,0
29791,0
10374,0
21717,0
14937,1
46924,0
12814,0
19070,0
9979,0
61328,0
63402,0
60308,0
24175,0
14496,0
48543,0
34591,0
51362,0
43876,0
41869,0
19321,0
74618,0
76823,0
18507,0
64489,0
36605,0
60156,0
17772,0
21804,0
70511,0
57126,0
24903,0
9181,0
19592,0
13396,0
48061,0
54173,0
51368,0
56683,0
2479,0
64000,0
21897,0
1641,0
64158,0
24352,0
37562,0
49241,0
26996,0
1819,0
41979,0
14430,0
19256,0
9740,0
6713,0
73669,0
40673,0
38982,0
60443,0
25800,0
47594,0
74052,0
5635,0
21861,0
71445,0
2698,0
10421,0
47024,0
11099,0
31686,0
69605,0
58570,0
44970,0
59252,0
57643,0
34240,0
41974,0
40199,0
74211,0
27298,0
13040,0
14415,0
3109,0
21564,0
27310,0
25661,0
41367,0
33717,0
52867,0
23564,0
16516,0
70415,0
44241,0
76463,0
27566,0
56150,0
24885,0
21613,0
30190,1
12090,0
12496,0
12556,0
7182,0
71861,0
65479,0
15270,0
22374,0
227,0
19936,0
36229,0
30495,0
13883,0
27368,0
21943,0
9602,0
51347,0
74084,0
56747,0
7611,0
17618,0
30119,0
66542,0
22569,0
44133,0
21079,0
61236,0
62019,0
48358,0
69364,0
9050,0
25638,0
39551,0
42279,0
42760,0
6694,1
19634,0
46328,0
40140,0
62189,0
53330,0
53998,0
72083,1
43341,0
18539,0
35066,0
39240,0
11178,0
74675,0
23001,0
46395,0
12726,0
1501,0
12925,0
14578,0
61547,0
7742,0
65812,0
22164,0
17643,0
45113,0
27176,0
57001,0
2411,0
27916,1
15608,0
28217,0
33269,0
42106,0
52165,0
42180,0
72306,0
18766,1
6429,0
63471,0
50147,0
52043,0
20235,0
22147,0
25778,0
68446,0
44513,0
48248,0
11497,0
18156,0
72089,0
14488,0
27751,0
42291,0
76966,0
17388,0
60917,0
11124,0
47248,1
77916,0
64508,0
18753,0
71408,0
62449,0
28942,0
49100,0
42954,0
40593,0
77168,0
9257,0
68,0
28227,0
49279,0
62187,0
54750,0
56210,0
44723,0
52754,0
50014,0
30375,0
15177,0
53731,0
56053,0
67928,0
47829,0
23630,0
24377,0
75439,0
25134,0
65401,0
61584,0
22899,0
47341,0
12777,0
73808,0
65992,1
26481,0
10334,0
16565,0
22665,0
45703,0
71936,0
46544,0
57809,0
51174,0
1775,0
46627,0
66256,0
3534,0
68596,0
33176,0
59179,0
7848,0
19219,0
52406,0
71750,0
45876,0
65930,0
870,0
37555,0
11556,0
10521,0
69971,0
38299,0
66156,0
59769,0
61842,0
25857,0
62730,0
21245,0
46231,0
72117,0
54297,0
5397,0
16255,0
19151,0
53795,0
66144,0
6460,0
12406,0
8940,0
40811,0
23340,0
11328,0
13378,0
65727,0
56943,0
63673,0
1698,0
13347,0
6145,0
46205,0
68045,0
13375,0
70316,0
42191,0
68198,0
21813,0
22941,0
61436,0
30939,0
2722,0
27416,0
54916,0
50864,0
63200,0
8767,0
32013,0
51928,0
25066,0
36909,0
20764,0
27347,0
24398,0
76547,0
74715,0
44568,0
29382,0
64915,0
31390,0
6280,0
33420,0
72124,0
56900,0
27192,0
5747,0
69943,0
35542,0
41835,1
11486,0
73885,0
74562,0
76771,0
65059,0
22008,0
11568,0
4334,0
39062,0
73000,0
24551,0
73098,0
9114,0
23491,0
71702,0
5582,0
61210,0
27588,0
12954,0
16476,0
21526,0
30076,0
8018,0
57034,0
32239,0
18626,0
1794,0
64903,0
77851,0
5234,0
4917,0
31387,0
75865,0
65499,0
5338,1
3791,0
39105,0
47425,0
34558,0
19027,0
11793,0
54976,0
34696,0
49485,0
10136,0
14753,0
60825,0
26711,0
64579,0
68322,0
44627,0
30550,0
38290,0
56734,0
42706,0
75874,0
19398,0
26632,0
74765,0
11787,0
14970,0
15054,0
11865,0
63450,0
53594,0
45551,0
40676,0
12054,0
40871,0
22652,0
47517,0
15679,0
55855,0
13158,0
62844,0
23893,0
13124,0
29622,0
48441,0
46548,0
23412,0
10218,0
27288,0
38585,1
66866,0
44545,0
78187,0
10629,0
67737,0
26667,0
37900,1
33058,0
47255,0
941,0
60904,0
60717,0
22351,0
11357,0
12495,0
14554,0
39627,0
57641,0
13957,0
63127,0
58805,0
50773,0
38640,0
32453,0
33838,0
27535,0
37716,0
18662,0
74570,0
77195,0
54336,0
28214,0
66068,0
73388,0
19805,0
2967,0
4379,0
4619,0
36279,0
77761,0
50513,0
35476,0
63143,0
8327,0
31124,0
4994,0
39909,0
26403,0
48566,0
52200,0
28018,0
61153,0
57463,0
5774,1
61872,0
70721,0
43115,0
28025,0
60288,0
57261,0
50142,0
28544,0
614,0
48434,0
48241,0
55621,0
1882,0
916,0
73286,0
65388,0
68007,0
34961,0
63706,0
39122,0
37383,0
39384,0
62926,0
2799,0
42876,0
12785,0
27781,0
49704,0
61355,0
4639,0
57980,0
11290,0
25853,0
11131,0
51614,0
32236,0
43675,0
23288,0
71040,0
62861,0
16034,0
21696,0
56315,0
37019,0
43935,0
23695,0
31879,0
15868,0
36506,0
63694,0
65948,0
39017,0
5778,0
10224,0
69711,0
38430,0
65779,0
7418,0
48504,0
50456,1
72376,0
9173,0
12023,0
34174,0
10873,0
7610,0
77303,0
20429,0
29169,0
14814,0
6061,0
73506,0
17557,0
57270,0
43443,0
28648,0
53086,0
28338,0
56535,1
55383,0
60017,0
481,0
20455,0
37490,0
20800,0
62016,0
33631,0
17682,0
40868,0
29225,0
70967,0
74395,0
15698,0
39251,0
28339,0
8532,0
17457,0
56426,0
62263,0
46193,0
47682,0
66713,0
22972,0
32426,0
14538,0
41713,0
27559,0
9237,0
71941,0
51818,0
35185,0
13557,0
63961,0
33093,0
28887,0
332,0
36266,0
51054,0
45780,0
32541,0
70900,0
38333,0
51961,0
19476,0
62868,0
65545,0
69297,0
61483,0
19545,0
77499,0
65143,0
40395,0
31475,0
32377,0
74970,0
69046,0
69240,0
77992,0
41798,0
64888,0
15184,0
67154,0
37020,0
5389,0
20866,0
14604,0
75179,0
8971,0
21979,0
68905,0
15427,0
50960,0
36620,0
12291,0
64998,0
48286,0
14493,0
27141,0
77638,0
50454,0
24053,0
73766,0
69429,0
29234,0
75127,0
65570,0
70088,0
32528,0
76610,0
35949,0
26685,0
58934,0
43100,0
19,0
54282,0
60207,0
52449,0
16400,0
10845,0
78255,0
52959,0
37793,0
72648,0
8279,0
72947,0
17896,0
73111,0
31284,0
52295,0
40026,0
30934,0
10621,0
5330,0
74317,0
23907,0
5316,0
30663,0
57330,0
41290,0
2396,0
66630,0
58364,0
6281,0
62980,0
45785,0
9042,0
67688,0
72497,0
72568,0
17817,0
46184,0
19836,0
28580,0
1861,0
58620,0
16475,0
43075,0
23710,0
74050,0
28630,0
18274,0
29720,0
58701,0
4029,0
61411,0
5462,0
76113,0
51632,0
35774,0
59036,0
26950,0
62211,0
36507,0
71842,0
47233,0
44706,0
59730,0
4365,0
16075,0
29493,0
18281,0
25322,0
47009,0
66880,0
74158,0
74624,0
647,0
44872,0
71846,1
64187,0
86,0
27404,0
38670,0
921,0
118,0
5797,0
47059,1
56443,0
65404,0
11393,0
9520,0
20889,0
37751,0
59547,0
44163,0
77651,0
21869,0
51391,0
73502,0
77675,0
62805,0
26680,0
51161,0
23465,0
18247,0
67024,0
27053,0
39696,0
25673,0
15553,0
18963,1
14222,0
12629,0
67299,0
41098,0
77533,0
30151,0
5495,0
9239,0
39998,0
9178,0
25059,0
6314,0
3368,0
203,0
40578,0
77262,0
45121,0
73299,0
23394,0
53820,0
6571,0
15521,0
59116,0
60775,0
37387,0
39102,0
38847,0
38591,0
49656,0
446,0
65019,0
72307,0
42773,0
50234,0
65227,0
69820,0
37730,0
52911,1
54556,0
66782,0
68357,0
68979,0
32665,0
66570,0
10781,0
5056,0
61949,0
23277,0
70710,0
71354,0
37308,0
13295,0
50114,0
72515,0
36626,0
62946,0
7702,0
8585,0
5151,0
3291,0
36303,0
75469,0
31420,0
26935,0
46234,0
76909,0
46154,0
27003,0
14706,0
70824,0
75956,0
1058,0
58834,0
10651,0
78116,0
54885,0
36328,0
70799,0
15935,0
53982,0
10184,0
45376,0
650,0
48557,0
19401,0
57551,0
20537,0
67428,0
25858,0
36958,0
8159,0
59197,0
54412,0
19161,0
38364,0
15541,0
850,1
12057,0
13850,0
34396,0
40731,0
70425,0
55233,0
5114,0
75872,0
34037,0
31028,0
23749,0
16874,0
39574,0
856,0
37345,0
39814,0
584,0
30043,0
58772,0
69961,0
18689,0
72567,0
17414,0
44834,0
35884,0
24717,0
45702,0
8786,0
47094,0
76726,0
11073,0
19799,0
31639,0
53464,0
13165,1
53178,0
36594,0
24411,0
7708,0
27948,0
76477,0
31978,0
54997,0
61707,0
34689,0
75217,0
55392,0
7308,0
21184,0
39516,1
75139,0
74564,0
72276,0
40196,0
45749,0
68778,0
47081,0
49305,0
31600,0
545,1
29555,0
30172,1
76057,0
33381,0
54509,0
34590,0
5154,0
4362,0
54050,0
27838,0
7660,0
35616,0
23598,0
35514,0
37211,0
16083,0
72860,0
49455,0
69430,0
52388,0
13366,0
76140,0
9696,0
55027,0
71039,0
27382,0
42011,0
57222,0
74262,0
60231,0
61062,0
65407,0
8297,0
51647,0
70921,0
3398,0
22468,0
23408,0
63066,0
65069,0
1441,0
43880,0
48204,0
356,0
35267,0
70303,0
68112,0
51102,0
58377,0
36851,0
46942,1
10237,0
65466,0
42198,0
43780,0
29092,0
5265,0
52931,0
14750,0
5589,0
41324,0
64688,0
67440,0
16402,0
50540,0
6560,0
59082,0
32057,0
47427,0
55562,0
14297,0
57405,0
23271,0
3765,0
48680,0
77948,0
24785,0
39777,0
7790,0
69549,0
7943,0
46946,0
2591,0
35447,0
72511,0
60546,0
27766,0
23831,0
8842,0
1200,0
28008,0
21423,0
13230,0
17741,0
26804,0
27270,0
51083,0
56358,0
55079,0
20623,0
54376,0
3977,0
6741,0
71927,0
10822,0
28488,0
16109,0
29497,0
18940,0
59574,0
29733,0
16662,0
15367,0
25676,0
73763,0
69037,1
58782,0
58370,0
22906,0
63364,0
2645,0
38781,0
12678,0
29731,0
44574,0
19274,0
29940,0
43029,0
69882,0
33840,0
54298,0
18400,0
77739,0
1216,0
389,0
1446,0
9975,0
20521,0
41729,0
39452,0
3197,0
19571,0
35130,0
45314,0
72757,0
68633,0
67509,0
38288,0
29519,0
17601,0
38443,0
65620,0
48635,0
45454,0
23282,0
25644,0
15081,0
77783,0
63599,0
57682,0
7042,0
68777,0
70505,0
10665,0
73985,0
60842,0
63544,0
75072,0
57312,0
24287,0
72228,0
13454,0
56568,0
55258,0
61516,0
18597,0
44787,0
34972,0
38813,0
49839,0
11769,0
48966,0
38612,0
4162,0
11467,0
34594,0
29965,0
8201,0
6882,0
73731,0
45598,0
12687,0
54232,0
21294,0
27370,0
48495,0
37287,0
22948,0
6225,0
36502,0
46622,0
50349,1
29633,0
10012,0
28828,0
18808,0
6567,0
9021,0
17117,0
16019,0
71743,0
67929,0
538,0
54731,0
68800,0
44407,0
10566,0
52836,0
11789,0
55334,0
49263,0
49882,1
3479,0
49625,0
40943,0
30511,0
73913,0
22597,0
66549,0
3678,0
76261,0
4803,0
44097,0
54264,0
67309,0
8893,1
48550,0
41949,0
12353,0
30158,0
49203,1
50518,0
46064,0
6051,0
18123,0
62917,0
34893,0
22557,0
70898,0
3226,0
51384,0
50997,0
42725,0
46286,0
28089,0
73001,0
48534,0
61096,0
72076,0
12858,0
19240,0
55829,0
20761,0
39232,0
10204,0
58024,0
31311,0
49454,0
49795,0
30439,0
18454,0
52725,0
20463,0
74133,0
1192,0
12428,0
52360,0
754,0
27941,0
24640,0
66856,0
73361,0
74413,0
24856,0
5146,0
46878,0
7734,0
68122,0
38555,1
29581,0
737,0
32424,0
11187,0
8385,0
51808,0
40479,0
72335,0
4391,0
3810,0
74914,0
17425,0
36688,0
15807,0
49023,0
2008,0
8104,0
52303,0
61851,0
55181,0
37493,0
40669,0
22925,0
71912,0
75807,0
55868,0
4033,0
73966,0
5736,0
64784,0
52150,0
49733,0
36707,0
37373,0
34200,0
47274,0
7157,0
23757,0
1294,0
43020,0
30643,0
52080,0
60968,0
48519,0
8411,0
23615,0
13589,0
10748,1
7924,0
55204,0
5185,0
29630,0
54463,1
25738,0
68657,1
25889,1
3648,0
41078,0
53579,0
76350,0
43674,0
54023,0
9669,0
70665,1
19048,0
51072,0
25706,0
65156,0
74823,0
22717,0
307,0
7199,0
60914,0
68248,0
67994,0
21,0
60994,0
35818,0
52480,0
42937,1
23249,0
33112,0
38482,0
40658,0
63860,0
48032,0
4161,0
40464,0
26180,0
14696,0
63438,0
38609,0
20211,0
71137,1
76517,0
64343,0
12493,0
35477,0
39938,0
4765,0
45943,0
32158,0
18238,0
33532,0
75086,0
9568,0
23589,0
73806,0
763,0
61681,0
33954,0
61090,1
21063,0
56993,0
75413,0
47495,0
53119,0
22175,0
68332,0
56763,0
29480,0
73207,0
65903,0
2296,0
49568,0
54148,0
53816,1
56658,0
53220,0
24319,0
36897,1
17542,0
14683,0
39109,0
23850,1
15575,0
25741,0
70427,0
26616,0
36971,0
53384,0
48995,0
57113,1
47716,0
56148,0
66809,0
53600,0
61424,0
54322,0
45913,0
44815,0
8358,0
60000,0
72071,0
26701,0
10370,0
74560,0
19604,0
58653,0
52501,0
30549,0
63071,0
73756,1
41024,0
65938,0
52355,0
76455,0
29034,0
1339,0
58577,0
26836,0
36738,0
1746,0
952,0
62517,0
47788,0
52075,0
53875,0
63777,0
3182,0
52458,0
20965,0
2603,0
51791,0
58142,0
29416,0
37643,0
32593,0
40011,0
40485,0
7079,0
45240,0
40851,1
3367,0
12415,0
32095,0
11434,0
8243,0
10590,0
20983,0
66233,0
25392,0
48176,0
17965,0
36854,0
29590,0
53774,0
54609,0
26829,1
13626,0
49930,0
76158,0
3365,0
57183,0
35195,0
11259,0
38025,0
76714,0
62506,0
21500,0
59516,0
61160,0
36634,0
51452,0
20574,0
46145,0
19963,0
30851,0
70730,0
20881,0
63701,0
69182,0
60208,0
11282,0
57851,0
54160,0
66925,0
74462,0
32427,0
45843,0
51611,0
75151,0
51768,0
18558,0
2667,0
74123,0
28452,0
44291,0
28396,0
51644,0
61677,0
37321,0
16699,0
65319,0
7800,0
11814,0
20288,0
3689,0
71221,0
48600,1
24478,0
4893,0
19494,0
26306,0
31181,0
10373,0
63416,0
72298,0
50561,0
68825,0
32184,0
36716,0
22892,0
69447,0
4385,0
50333,0
24586,0
6498,0
39445,0
38911,0
40345,0
9048,0
48968,1
37638,0
3067,0
36723,0
9515,0
26468,0
52192,0
23638,0
24929,0
65483,0
58123,0
24271,0
67422,0
59590,0
42211,0
24593,0
73135,0
14041,0
21265,0
56997,0
69767,0
61292,1
16151,0
44308,0
40582,0
27143,0
72650,0
74023,0
39957,0
26230,0
10800,0
37518,0
14480,0
74270,0
9318,0
65988,0
25707,0
65633,0
41040,0
43607,0
29098,0
63002,0
14364,0
51527,0
74012,0
11592,0
73855,0
31325,0
63171,0
73854,0
43684,0
50378,0
48880,0
60843,0
32851,0
51467,1
23102,0
31758,0
30975,0
72724,0
66519,0
29330,0
19619,0
21906,0
12124,1
28083,0
30271,0
22220,0
32037,0
56940,0
3280,0
10441,0
2770,0
21345,1
62425,0
12837,0
72526,0
45538,0
57921,0
36563,0
7424,0
76923,0
28987,0
24573,0
36570,0
64832,0
29816,0
13728,0
45112,0
435,0
51057,0
57646,0
33392,0
62583,0
1177,0
46487,0
18319,0
11781,0
7546,0
17933,0
56851,0
1891,0
23736,0
56659,0
72629,0
76067,0
44692,1
8656,0
8564,0
63207,0
51801,0
26292,0
44120,0
3247,0
48864,0
74808,0
43879,0
65333,0
46359,0
54512,0
74594,0
41178,0
5156,0
48069,0
63982,0
14354,0
34504,0
4064,0
12234,0
73067,0
12769,0
68623,0
55219,0
64823,0
70775,0
39568,0
37786,0
18950,0
59069,0
70295,0
23885,0
52629,0
76115,0
26452,0
59342,0
31091,0
59442,0
12561,0
40928,0
24063,0
11999,0
33718,0
27597,0
12084,0
30255,0
41142,0
16674,0
30017,0
73059,0
40589,0
4815,0
31796,0
70063,1
34017,0
62817,0
48900,0
8983,0
17351,0
40115,0
7108,0
78083,0
69768,0
33433,0
4672,0
69821,0
66305,0
37369,0
74767,0
73014,0
42780,0
59940,0
25248,0
38421,0
47834,0
64568,0
3859,0
28649,0
59145,0
36569,0
34588,0
53716,0
71411,0
36871,0
54106,0
54907,0
77568,0
47040,0
2705,0
50713,0
30944,0
57864,0
32556,0
65952,0
35996,0
49393,0
22523,0
18827,0
3727,0
37021,0
51040,1
20888,0
214,0
35417,0
64494,0
3627,0
31849,0
28691,0
9800,0
44963,0
52488,0
24755,0
66381,0
19556,0
41146,0
27861,0
43146,0
64366,0
54764,0
15410,1
73832,0
48225,0
57906,0
18066,0
63387,0
26286,0
52912,0
59773,0
19792,0
66559,0
41980,0
76042,0
78096,0
8670,0
31692,0
42148,0
66608,0
70909,0
31741,0
44475,0
38078,0
23047,0
13325,0
67060,0
16286,0
14103,0
51857,0
1976,0
21410,0
67306,0
26090,0
68776,0
11894,0
75587,0
23944,1
11441,0
10528,0
61645,0
3495,0
15345,1
1394,0
61475,0
75935,0
73020,0
74685,0
39561,0
66240,0
54702,0
61035,0
65505,0
54286,0
61961,0
73575,0
64471,0
53680,0
21010,0
53537,0
2489,0
6512,0
70533,0
39822,0
54076,0
32269,0
16515,0
68837,0
34330,0
20985,0
53522,0
20425,0
31916,0
61539,1
29552,0
61124,0
73842,0
31974,0
51888,0
11341,0
45231,0
22251,0
16770,0
32470,0
56738,0
69967,0
7051,0
34644,0
21451,0
75781,0
75181,0
38188,0
46780,0
56836,0
25309,0
66820,0
24298,0
5803,0
9595,0
47056,0
7470,0
41965,0
5478,0
78072,0
27852,0
56311,0
29360,0
43485,0
36625,0
57157,0
69557,0
41377,0
31645,0
56199,0
36485,0
50374,0
60900,0
35690,0
25668,1
32740,0
60290,0
11667,0
36618,1
58493,0
45458,0
5130,0
71534,0
75082,0
72033,0
69619,0
20647,0
40286,0
32007,0
38774,0
70473,0
4788,0
55558,0
57125,0
52000,0
48088,0
68163,0
21086,0
66910,0
2491,0
35073,0
13448,0
30402,0
66510,0
28939,0
59421,0
8898,0
71082,0
72825,0
47976,0
49920,0
64382,0
54291,0
1613,0
11147,0
8788,0
4252,0
73300,0
56710,0
16177,0
15636,0
25314,0
22201,0
34180,0
76721,0
978,0
60956,0
48725,0
48460,0
68724,0
73851,0
18546,0
39269,0
72708,0
1227,0
48229,0
25308,0
30799,0
50863,0
70179,0
37416,0
44633,0
8499,0
19647,0
67227,0
23629,1
16753,0
68396,0
48477,0
51105,0
33813,0
57598,1
35600,0
4827,0
55837,0
44491,0
78144,0
2512,0
28621,0
30526,0
12219,0
72946,0
23428,0
64112,0
59633,0
14111,0
23383,0
26209,0
51208,0
57910,0
77440,0
66320,0
44978,0
77880,0
49034,0
6584,0
26001,0
77781,0
42035,0
59699,0
2388,0
9512,0
10970,0
56768,0
61502,0
72904,0
3836,0
45763,0
75480,0
55185,0
16366,0
42475,0
30332,0
38669,0
12554,0
39219,0
12129,0
24025,0
53181,0
15003,0
54572,0
775,0
59963,0
16542,0
36402,0
66084,0
3634,0
74109,0
13055,0
52087,0
10711,0
31217,0
64907,0
3876,0
23683,0
51308,0
32210,0
77257,0
50878,0
47603,0
2522,0
51695,0
23840,0
54317,0
9572,0
39468,0
30847,0
40542,0
36736,0
4296,0
43949,0
74243,0
22637,0
65125,0
50714,0
44903,0
43151,0
19327,1
47890,0
49948,0
17063,1
55388,0
65295,0
4657,0
68996,0
4727,0
18876,0
46563,0
21582,0
59008,0
60091,0
33042,0
37852,0
20449,0
29021,1
64338,0
44535,0
48615,0
16991,0
63405,0
42881,1
74838,0
73149,0
48834,0
2459,0
1519,0
41442,0
48688,0
5099,0
34779,0
62714,0
5724,0
34000,0
40805,0
31,0
34216,0
62960,1
40460,0
64625,0
14546,0
3861,0
21591,0
42727,0
64184,0
66257,0
23717,0
46845,0
3840,0
67386,0
72934,0
50032,0
48136,0
24844,0
8598,0
59836,0
33740,0
33212,0
53895,0
26167,0
13028,0
23197,0
41600,0
38453,0
25106,0
68826,0
14835,0
74376,0
31016,0
77309,0
61565,0
10864,0
42145,0
39014,0
33245,0
42687,0
44463,0
62366,0
32491,0
23754,0
66111,0
874,0
34905,0
19253,0
10619,0
56869,0
66175,0
56255,0
69066,0
30927,1
65217,0
60263,0
54974,0
67054,0
66765,0
21312,0
23267,0
4535,0
23275,0
72480,0
76051,0
12529,0
52126,0
66085,0
40826,0
9559,0
42873,0
63371,0
70005,0
23918,0
29479,0
24516,0
35905,0
53240,0
36074,0
58702,0
38183,0
19073,0
64659,0
11450,0
8830,0
21377,0
71525,0
47475,0
57673,0
40793,0
67229,0
48328,0
38730,0
72436,0
49177,0
49785,0
54874,0
46700,0
32261,0
34987,0
57193,0
59674,0
21843,0
46636,0
3509,0
11335,0
73468,0
2657,0
26873,0
18298,0
35730,0
12372,0
29722,0
4902,0
63508,0
30041,0
23804,0
23228,0
50574,0
8097,0
69522,1
7884,0
35727,0
42372,0
12816,0
57837,0
27604,0
77844,0
38126,0
25214,0
56056,0
67663,0
72942,0
64702,0
39505,0
54304,0
4771,1
4452,0
7955,0
68191,0
2506,1
17384,0
52494,0
30618,0
2691,0
59993,0
75247,0
66963,0
6594,0
30519,1
40666,0
33032,0
2835,0
58931,0
49848,0
72295,0
31243,0
65890,0
3986,0
46352,0
36040,0
16610,0
41393,0
48816,0
57229,0
49362,0
38051,0
47042,0
7434,0
30730,0
19382,0
18341,0
38705,0
29300,0
74239,0
12216,0
46692,0
47923,0
8486,0
77112,0
39018,0
24303,1
9646,0
56881,0
72838,0
32989,0
57767,0
56292,0
14234,0
18487,0
69894,0
45453,0
67524,0
2473,0
12656,0
68062,0
9442,0
5862,0
14076,0
41859,0
14147,0
8593,0
19449,0
64401,0
32507,0
15994,0
75464,0
64009,0
55652,0
60933,0
53723,0
38167,0
7266,0
18242,0
36743,0
67121,0
35246,0
5728,0
34051,0
14659,0
33403,0
72885,0
56307,0
43438,0
63369,1
63539,0
66423,0
40423,0
68647,0
65132,0
22508,0
52914,0
30825,0
73520,0
2953,0
24061,0
17449,0
60740,0
62891,0
11203,1
24208,0
6325,0
23480,0
70385,0
2025,0
72550,0
43866,0
53451,0
28411,0
31989,0
42523,0
45018,0
12901,0
71296,0
78157,0
47334,0
16007,0
62467,0
72729,0
1670,0
47897,0
34134,0
29785,0
22497,0
677,0
39819,0
3074,0
52536,0
23720,0
67863,1
74398,0
20535,0
63422,0
27320,0
14298,0
31683,0
54657,0
23269,0
49072,0
76672,0
77489,1
61544,0
47852,0
61261,0
14945,0
65410,0
75098,0
36120,0
18982,0
4231,0
29644,0
43494,0
53941,0
69805,0
64884,0
33860,0
26381,0
45397,0
77780,0
11805,0
5005,0
21937,0
61582,0
24810,0
31310,0
69092,0
74903,0
42348,0
72367,0
31478,0
36184,0
54689,0
46913,0
3573,0
58945,0
16868,1
1387,0
29834,0
902,0
36145,0
269,0
26557,0
14098,0
55484,0
30308,0
21373,0
12636,0
68761,0
67650,0
5036,0
1169,0
5808,0
34611,0
74828,0
7643,0
12489,0
384,0
61503,0
36095,0
7207,0
66983,0
8477,0
63262,0
2045,0
25687,0
53823,0
4910,0
53307,0
44778,0
49163,0
45476,0
37995,0
29052,0
43285,0
15938,0
10627,0
28166,0
42924,0
30150,0
60902,0
53298,0
22136,0
63442,0
71398,0
13172,0
75716,0
8309,0
22221,0
2326,0
31911,0
3543,0
72236,0
44405,0
54275,0
12312,0
12268,0
68025,0
32396,0
57757,0
23432,0
34771,0
30745,0
17206,0
55238,0
12386,0
23640,0
76216,0
25344,0
46480,0
36557,1
35979,0
18548,0
42214,0
42224,0
73916,0
62991,0
57244,0
13986,0
681,0
39038,0
7959,0
35880,0
8700,0
21468,0
12771,0
58115,0
40549,0
67039,0
32542,0
75590,0
37337,0
64168,0
68885,0
57419,1
4507,0
7153,0
30237,0
44213,0
49509,0
66357,0
52016,0
29150,0
54761,0
51233,0
2767,0
51620,0
76013,0
58462,0
25886,0
18083,0
2683,0
15406,0
46057,0
48015,0
23803,0
76543,0
7069,0
71284,0
23373,0
13484,0
63689,1
71691,0
28947,0
2488,0
21175,0
12166,0
15107,0
9532,0
7375,0
47992,0
51153,0
13830,0
22398,0
9873,0
50442,0
39330,0
11783,0
7080,0
14813,1
8868,0
39826,0
15191,0
48444,0
5842,0
56948,0
54717,0
53063,0
38383,0
19108,0
5209,0
36024,0
41558,0
48294,0
20879,0
27283,0
48687,0
64615,0
52871,0
20745,0
64344,0
76092,0
62808,0
74283,0
5897,0
46706,0
60392,0
62797,0
15754,0
61730,0
2859,0
42204,0
39846,1
39510,0
16379,0
71527,0
63596,0
36518,0
2728,0
26263,0
51076,0
11773,0
46094,0
70855,0
30677,0
32919,0
24073,0
7468,0
64386,0
26247,0
46315,0
25294,0
59812,0
9405,0
66914,0
15370,0
55543,0
65291,0
41358,0
66166,0
72975,0
42277,0
77804,0
17633,0
21684,0
31030,0
19596,0
48540,0
15058,0
37384,0
56008,0
46542,0
10216,0
7206,0
41351,1
32924,0
62445,0
52813,0
24827,0
73694,0
54350,0
28882,0
30671,0
59646,0
69710,0
70108,0
7074,0
12224,0
12429,0
4513,0
48789,0
27379,0
31973,0
18422,0
22967,0
43286,0
35268,0
47251,0
1974,0
7909,0
68644,0
20267,0
22154,0
76701,0
34066,0
28132,0
6664,0
59678,0
37688,0
36179,0
56503,0
74916,1
56600,0
28243,0
58305,0
70393,0
57801,0
32598,0
41513,0
52428,0
15993,0
29915,0
29193,0
70462,0
44979,0
75762,0
35964,0
72241,0
33917,0
54001,0
7860,0
4664,0
15536,0
64856,0
52392,0
25961,0
1707,0
31723,0
672,0
53962,0
7406,0
2172,0
10038,0
34829,0
54147,0
17247,0
11219,0
48740,0
21310,0
67783,0
55878,0
26957,0
29959,0
16268,0
21117,0
47895,0
27732,0
50096,0
41809,0
26849,1
23,0
14795,0
11125,0
55925,0
72499,0
15059,0
27845,0
11634,0
726,0
11945,0
58226,0
68141,0
23555,0
28251,0
59580,0
43967,0
10821,0
77861,0
59440,0
63653,0
41070,0
74067,0
35881,0
52095,0
19084,0
50753,0
3701,0
69210,0
3190,0
49615,0
10543,0
55458,0
53732,0
74170,0
25587,0
51236,0
65057,0
56938,0
12430,0
8252,0
8673,0
52013,1
59992,0
29037,0
77589,0
74232,0
21772,0
75909,0
43315,0
8502,0
70863,0
30074,0
21647,0
73083,0
30272,0
36124,0
30653,0
22378,0
9111,0
59369,0
31538,0
52399,0
66943,0
19995,0
45665,0
70527,0
26869,1
20044,0
70754,0
59611,0
17958,0
45251,0
59213,0
10688,0
76888,0
18968,0
34022,0
17182,0
16452,0
37512,0
76615,0
21252,0
29884,0
73110,0
33138,0
63894,0
36223,0
62952,0
77567,0
69234,0
63924,0
66300,0
51010,0
12654,0
50986,0
67627,0
17870,0
23068,0
53396,0
60436,1
57791,0
53153,0
16512,0
48197,0
33650,0
7786,0
49875,0
7797,0
52768,0
67884,0
69070,0
65176,0
50436,0
43481,0
42559,0
58757,0
11318,0
24163,0
59841,0
47309,0
44558,0
28355,0
6988,0
56676,0
54214,0
77267,0
56603,1
13627,0
21449,0
60828,0
43531,0
8075,0
50243,0
27698,0
58162,0
3121,0
46997,0
55483,0
736,0
27817,0
17288,0
627,0
9167,0
11036,0
75884,0
75788,0
9230,0
1422,1
63246,0
62909,0
54519,0
61873,0
71183,0
44744,0
13956,0
52644,0
60962,0
65272,0
37586,0
54188,0
59842,0
39648,0
61845,0
20522,0
27602,0
62183,0
73412,0
23333,0
53517,0
75346,0
67409,0
31266,0
6445,0
13827,0
62568,0
27482,0
10369,0
59065,0
34929,0
30334,0
26530,0
6695,0
39986,0
63093,0
76767,0
54998,0
43424,0
39372,0
40410,0
9081,0
69250,0
11087,0
6908,1
76684,0
49845,0
4650,0
5622,0
68135,0
24372,0
11832,0
16113,0
10538,0
72288,0
57099,0
43745,0
55624,0
26527,0
25032,0
65991,0
35645,0
2638,0
76087,0
57925,0
74626,1
24443,0
77376,0
14723,0
67390,0
30027,0
21258,0
72625,0
15347,0
72153,0
8863,0
77896,0
35843,0
16522,0
3189,0
14606,0
35733,0
4874,0
41399,0
19178,0
65914,0
61744,0
51280,0
73810,0
7783,0
77397,0
54832,0
56278,0
2725,0
74329,0
50580,0
60628,0
32016,0
24977,0
74310,0
64700,0
15273,0
34227,0
20391,0
2197,0
50356,0
74009,0
41221,0
59254,0
46950,0
51964,0
8978,0
2811,0
50678,0
35045,0
65639,1
35791,0
39417,0
69870,0
228,0
868,0
21424,0
4239,0
73897,0
49457,1
28529,0
70729,0
21583,0
21333,0
13552,0
31800,0
3651,0
20753,0
6007,0
6884,0
29216,0
50393,0
14449,0
54410,0
5470,0
65258,0
40070,0
19565,0
10741,0
63401,0
49886,0
64917,0
52424,0
60260,0
36330,0
63206,0
73972,0
31884,0
41724,0
68954,0
26015,0
10386,0
27529,0
15214,0
46038,0
4336,0
76827,0
60697,0
43537,0
16462,0
944,0
63624,0
64873,0
18136,0
15247,0
49058,0
32369,0
31563,0
3161,0
60986,0
56969,0
64750,0
2266,0
56746,0
77311,0
42657,0
77082,0
25614,0
27980,0
32917,0
65274,0
30500,0
45630,0
7811,0
10757,0
42265,0
32231,0
71804,0
7680,0
21197,0
40877,0
